,date,home_team,score,away_team,,,
0,17-04-2021,Orlando City SC,0 - 0,Atlanta United FC,,,
1,25-04-2021,Atlanta United FC,3-1,Chicago Fire,,,
10,04-07-2021,Chicago Fire,3 - 0,Atlanta United FC,,,
100,24-10-2021,Chicago Fire,1 - 0,Real Salt Lake,,,
101,27-10-2021,New York City FC,1 - 0,Chicago Fire,,,
102,07-11-2021,Columbus Crew,2 - 0,Chicago Fire,,,
103,18-04-2021,Club Internacional de Fútbol Miami,4 - 4,LA Galaxy,,,
104,25-04-2021,Philadelphia Union,2 - 2,Club Internacional de Fútbol Miami,,,
105,02-05-2021,Nashville SC (MLS),0 - 0,Club Internacional de Fútbol Miami,,,
106,09-05-2021,Club Internacional de Fútbol Miami,1 - 2,Atlanta United FC,,,
107,12-05-2021,Club Internacional de Fútbol Miami,0 - 2,Montreal Impact,,,
108,16-05-2021,FC Cincinnati,4 - 4,Club Internacional de Fútbol Miami,,,
109,22-05-2021,Chicago Fire,1 - 0,Club Internacional de Fútbol Miami,,,
11,09-07-2021,Nashville SC (MLS),2 - 3,Atlanta United FC,,,
110,30-05-2021,Club Internacional de Fútbol Miami,0 - 3,DC United,,,
111,20-06-2021,DC United,1 - 0,Club Internacional de Fútbol Miami,,,
112,26-06-2021,Club Internacional de Fútbol Miami,2 - 2,Orlando City SC,,,
113,03-07-2021,Montreal Impact,1 - 0,Club Internacional de Fútbol Miami,,,
114,21-07-2021,Club Internacional de Fútbol Miami,0 - 5,New England Revolution,,,
115,25-07-2021,Club Internacional de Fútbol Miami,1 - 2,Philadelphia Union,,,
116,01-08-2021,Club Internacional de Fútbol Miami,1 - 3,Montreal Impact,,,
117,05-08-2021,Orlando City SC,1 - 2,Club Internacional de Fútbol Miami,,,
118,08-08-2021,Club Internacional de Fútbol Miami,1 - 3,Nashville SC (MLS),,,
119,15-08-2021,New York City FC,2 - 0,Club Internacional de Fútbol Miami,,,
12,17-07-2021,Atlanta United FC,0 - 1,New England Revolution,,,
120,18-08-2021,Club Internacional de Fútbol Miami,2 - 4,Chicago Fire,,,
121,22-08-2021,Club Internacional de Fútbol Miami,1 - 4,Toronto FC,,,
122,28-08-2021,Orlando City SC,0 - 0,Club Internacional de Fútbol Miami,,,
123,05-09-2021,FC Cincinnati,0 - 1,Club Internacional de Fútbol Miami,,,
124,12-09-2021,Club Internacional de Fútbol Miami,1 - 0,Columbus Crew,,,
125,14-09-2021,Toronto FC,0 - 1,Club Internacional de Fútbol Miami,,,
126,17-09-2021,Club Internacional de Fútbol Miami,0 - 4,New York Red Bulls,,,
127,22-09-2021,Club Internacional de Fútbol Miami,7 - 1,Nashville SC (MLS),,,
128,29-09-2021,Atlanta United FC,1 - 0,Club Internacional de Fútbol Miami,,,
129,03-10-2021,Portland Timbers,1 - 0,Club Internacional de Fútbol Miami,,,
13,22-07-2021,FC Cincinnati,1 - 2,Atlanta United FC,,,
130,09-10-2021,New York Red Bulls,1 - 0,Club Internacional de Fútbol Miami,,,
131,16-10-2021,Columbus Crew,4 - 0,Club Internacional de Fútbol Miami,,,
132,20-10-2021,Club Internacional de Fútbol Miami,3 - 0,Toronto FC,,,
133,24-10-2021,Club Internacional de Fútbol Miami,1 - 6,FC Cincinnati,,,
134,27-10-2021,Atlanta United FC,1 - 3,Club Internacional de Fútbol Miami,,,
135,30-10-2021,Club Internacional de Fútbol Miami,4 - 4,New York City FC,,,
136,07-11-2021,New England Revolution,0 - 1,Club Internacional de Fútbol Miami,,,
137,18-04-2021,FC Dallas,0 - 0,Colorado Rapids,,,
138,25-04-2021,Colorado Rapids,4 - 4,Austin,,,
139,03-05-2021,Vancouver Whitecaps,0 - 1,Colorado Rapids,,,
14,24-07-2021,Atlanta United FC,0 - 1,Columbus Crew,,,
140,09-05-2021,Colorado Rapids,2 - 4,Minnesota Utd,,,
141,16-05-2021,Colorado Rapids,1 - 4,Houston Dynamo,,,
142,23-05-2021,Los Angeles FC,1 - 3,Colorado Rapids,,,
143,30-05-2021,Colorado Rapids,3 - 0,FC Dallas,,,
144,19-06-2021,FC Cincinnati,0 - 2,Colorado Rapids,,,
145,24-06-2021,Sporting Kansas City,1 - 4,Colorado Rapids,,,
146,05-07-2021,Colorado Rapids,1 - 2,Seattle Sounders FC,,,
147,08-07-2021,Colorado Rapids,2 - 0,Minnesota Utd,,,
148,18-07-2021,Colorado Rapids,1 - 2,San Jose Earthquakes,,,
149,22-07-2021,Colorado Rapids,2 - 0,FC Dallas,,,
15,31-07-2021,Orlando City SC,2 - 4,Atlanta United FC,,,
150,25-07-2021,Real Salt Lake,3 - 0,Colorado Rapids,,,
151,01-08-2021,Austin,0 - 1,Colorado Rapids,,,
152,08-08-2021,Colorado Rapids,0 - 0,Sporting Kansas City,,,
153,15-08-2021,Houston Dynamo,4 - 4,Colorado Rapids,,,
154,18-08-2021,LA Galaxy,2 - 2,Colorado Rapids,,,
155,22-08-2021,Colorado Rapids,1 - 3,Real Salt Lake,,,
156,29-08-2021,Sporting Kansas City,1 - 2,Colorado Rapids,,,
157,05-09-2021,San Jose Earthquakes,0 - 1,Colorado Rapids,,,
158,11-09-2021,Colorado Rapids,1 - 2,LA Galaxy,,,
159,16-09-2021,Portland Timbers,2 - 3,Colorado Rapids,,,
16,04-08-2021,Montreal Impact,2 - 3,Atlanta United FC,,,
160,20-09-2021,Colorado Rapids,1 - 2,Vancouver Whitecaps,,,
161,26-09-2021,Colorado Rapids,0 - 0,Toronto FC,,,
162,30-09-2021,Colorado Rapids,3 - 0,Austin,,,
163,04-10-2021,Seattle Sounders FC,3 - 0,Colorado Rapids,,,
164,10-10-2021,Minnesota Utd,4 - 4,Colorado Rapids,,,
165,17-10-2021,Real Salt Lake,1 - 4,Colorado Rapids,,,
166,21-10-2021,Colorado Rapids,1 - 2,Seattle Sounders FC,,,
167,24-10-2021,Colorado Rapids,2 - 0,Portland Timbers,,,
168,27-10-2021,New England Revolution,1 - 0,Colorado Rapids,,,
169,31-10-2021,Houston Dynamo,0 - 1,Colorado Rapids,,,
17,07-08-2021,Columbus Crew,4 - 4,Atlanta United FC,,,
170,07-11-2021,Colorado Rapids,3 - 2,Los Angeles FC,,,
171,25-11-2021,Colorado Rapids,0 - 1,Portland Timbers,,,
172,18-04-2021,Columbus Crew,0 - 0,Philadelphia Union,,,
173,01-05-2021,Montreal Impact,0 - 0,Columbus Crew,,,
174,08-05-2021,Columbus Crew,1 - 4,DC United,,,
175,12-05-2021,Toronto FC,2 - 0,Columbus Crew,,,
176,16-05-2021,New England Revolution,1 - 0,Columbus Crew,,,
177,22-05-2021,New York City FC,2 - 2,Columbus Crew,,,
178,29-05-2021,Columbus Crew,1 - 3,Toronto FC,,,
179,19-06-2021,Columbus Crew,2 - 0,Chicago Fire,,,
18,15-08-2021,Atlanta United FC,1 - 0,Los Angeles FC,,,
180,23-06-2021,Philadelphia Union,1 - 0,Columbus Crew,,,
181,28-06-2021,Austin,0 - 0,Columbus Crew,,,
182,03-07-2021,Columbus Crew,2 - 3,New England Revolution,,,
183,09-07-2021,FC Cincinnati,2 - 3,Columbus Crew,,,
184,17-07-2021,Columbus Crew,1 - 3,New York City FC,,,
185,21-07-2021,Columbus Crew,0 - 0,Nashville SC (MLS),,,
186,24-07-2021,Atlanta United FC,0 - 1,Columbus Crew,,,
187,30-07-2021,New York City FC,1 - 5,Columbus Crew,,,
188,04-08-2021,Columbus Crew,5 - 3,DC United,,,
189,07-08-2021,Columbus Crew,4 - 4,Atlanta United FC,,,
19,18-08-2021,Atlanta United FC,1 - 0,Toronto FC,,,
190,15-08-2021,Chicago Fire,1 - 0,Columbus Crew,,,
191,19-08-2021,New York Red Bulls,1 - 0,Columbus Crew,,,
192,21-08-2021,Columbus Crew,2 - 2,Seattle Sounders FC,,,
193,27-08-2021,Columbus Crew,2 - 4,FC Cincinnati,,,
194,04-09-2021,Orlando City SC,2 - 4,Columbus Crew,,,
195,12-09-2021,Club Internacional de Fútbol Miami,1 - 0,Columbus Crew,,,
196,14-09-2021,Columbus Crew,1 - 3,New York Red Bulls,,,
197,18-09-2021,New England Revolution,1 - 2,Columbus Crew,,,
198,25-09-2021,Columbus Crew,1 - 3,Montreal Impact,,,
199,03-10-2021,Philadelphia Union,3 - 0,Columbus Crew,,,
2,01-05-2021,New England Revolution,1 - 3,Atlanta United FC,,,
20,22-08-2021,DC United,2 - 2,Atlanta United FC,,,
200,16-10-2021,Columbus Crew,4 - 0,Club Internacional de Fútbol Miami,,,
201,21-10-2021,Nashville SC (MLS),1 - 2,Columbus Crew,,,
202,23-10-2021,Columbus Crew,2 - 2,New York Red Bulls,,,
203,27-10-2021,Columbus Crew,2 - 4,Orlando City SC,,,
204,30-10-2021,DC United,4 - 4,Columbus Crew,,,
205,07-11-2021,Columbus Crew,2 - 0,Chicago Fire,,,
206,18-04-2021,DC United,1 - 3,New York City FC,,,
207,25-04-2021,New England Revolution,1 - 0,DC United,,,
208,02-05-2021,San Jose Earthquakes,1 - 5,DC United,,,
209,08-05-2021,Columbus Crew,1 - 4,DC United,,,
21,28-08-2021,Atlanta United FC,0 - 2,Nashville SC (MLS),,,
210,14-05-2021,DC United,1 - 0,Chicago Fire,,,
211,17-05-2021,DC United,0 - 1,Orlando City SC,,,
212,23-05-2021,DC United,0 - 1,Philadelphia Union,,,
213,30-05-2021,Club Internacional de Fútbol Miami,0 - 3,DC United,,,
214,20-06-2021,DC United,1 - 0,Club Internacional de Fútbol Miami,,,
215,24-06-2021,Montreal Impact,0 - 0,DC United,,,
216,27-06-2021,New York City FC,1 - 3,DC United,,,
217,03-07-2021,DC United,2 - 1,Toronto FC,,,
218,17-07-2021,Philadelphia Union,1 - 3,DC United,,,
219,22-07-2021,Chicago Fire,2 - 3,DC United,,,
22,10-09-2021,Atlanta United FC,3 - 0,Orlando City SC,,,
220,26-07-2021,DC United,1 - 0,New York Red Bulls,,,
221,31-07-2021,FC Cincinnati,0 - 0,DC United,,,
222,04-08-2021,Columbus Crew,5 - 3,DC United,,,
223,09-08-2021,DC United,1 - 3,Montreal Impact,,,
224,15-08-2021,Nashville SC (MLS),3 - 2,DC United,,,
225,18-08-2021,New England Revolution,2 - 4,DC United,,,
226,22-08-2021,DC United,2 - 2,Atlanta United FC,,,
227,29-08-2021,DC United,1 - 4,Philadelphia Union,,,
228,11-09-2021,New York Red Bulls,1 - 2,DC United,,,
229,15-09-2021,DC United,3 - 0,Chicago Fire,,,
23,15-09-2021,Atlanta United FC,4 - 0,FC Cincinnati,,,
230,18-09-2021,Atlanta United FC,2 - 4,DC United,,,
231,25-09-2021,DC United,3 - 1,FC Cincinnati,,,
232,29-09-2021,DC United,1 - 4,Minnesota Utd,,,
233,02-10-2021,Orlando City SC,1 - 3,DC United,,,
234,16-10-2021,DC United,0 - 0,Nashville SC (MLS),,,
235,20-10-2021,DC United,4 - 4,New England Revolution,,,
236,23-10-2021,New York City FC,6 - 0,DC United,,,
237,27-10-2021,DC United,1 - 0,New York Red Bulls,,,
238,30-10-2021,DC United,4 - 4,Columbus Crew,,,
239,07-11-2021,Toronto FC,4 - 4,DC United,,,
24,18-09-2021,Atlanta United FC,2 - 4,DC United,,,
240,18-04-2021,Nashville SC (MLS),2 - 3,FC Cincinnati,,,
241,24-04-2021,New York City FC,5 - 0,FC Cincinnati,,,
242,01-05-2021,Orlando City SC,3 - 0,FC Cincinnati,,,
243,16-05-2021,FC Cincinnati,4 - 4,Club Internacional de Fútbol Miami,,,
244,22-05-2021,Montreal Impact,2 - 2,FC Cincinnati,,,
245,29-05-2021,FC Cincinnati,0 - 1,New England Revolution,,,
246,19-06-2021,FC Cincinnati,0 - 2,Colorado Rapids,,,
247,24-06-2021,Chicago Fire,0 - 1,FC Cincinnati,,,
248,26-06-2021,Toronto FC,0 - 2,FC Cincinnati,,,
249,04-07-2021,Houston Dynamo,1 - 2,FC Cincinnati,,,
25,25-09-2021,Philadelphia Union,1 - 0,Atlanta United FC,,,
250,09-07-2021,FC Cincinnati,2 - 3,Columbus Crew,,,
251,17-07-2021,Montreal Impact,6 - 1,FC Cincinnati,,,
252,22-07-2021,FC Cincinnati,1 - 2,Atlanta United FC,,,
253,25-07-2021,Nashville SC (MLS),3 - 0,FC Cincinnati,,,
254,31-07-2021,FC Cincinnati,0 - 0,DC United,,,
255,05-08-2021,New York Red Bulls,0 - 0,FC Cincinnati,,,
256,07-08-2021,FC Cincinnati,1 - 2,Orlando City SC,,,
257,18-08-2021,FC Cincinnati,0 - 0,Montreal Impact,,,
258,22-08-2021,New England Revolution,1 - 5,FC Cincinnati,,,
259,27-08-2021,Columbus Crew,2 - 4,FC Cincinnati,,,
26,29-09-2021,Atlanta United FC,1 - 0,Club Internacional de Fútbol Miami,,,
260,05-09-2021,FC Cincinnati,0 - 1,Club Internacional de Fútbol Miami,,,
261,12-09-2021,FC Cincinnati,2 - 0,Toronto FC,,,
262,15-09-2021,Atlanta United FC,4 - 0,FC Cincinnati,,,
263,18-09-2021,FC Cincinnati,2 - 2,New York City FC,,,
264,25-09-2021,DC United,3 - 1,FC Cincinnati,,,
265,29-09-2021,Toronto FC,2 - 4,FC Cincinnati,,,
266,02-10-2021,FC Cincinnati,0 - 1,New York Red Bulls,,,
267,10-10-2021,FC Cincinnati,2 - 2,Philadelphia Union,,,
268,16-10-2021,FC Cincinnati,0 - 1,Orlando City SC,,,
269,20-10-2021,FC Cincinnati,5 - 4,Chicago Fire,,,
27,02-10-2021,Montreal Impact,1 - 3,Atlanta United FC,,,
270,24-10-2021,Club Internacional de Fútbol Miami,1 - 6,FC Cincinnati,,,
271,27-10-2021,FC Cincinnati,6 - 2,Nashville SC (MLS),,,
272,31-10-2021,Philadelphia Union,2 - 0,FC Cincinnati,,,
273,07-11-2021,FC Cincinnati,2 - 2,Atlanta United FC,,,
274,18-04-2021,FC Dallas,0 - 0,Colorado Rapids,,,
275,24-04-2021,San Jose Earthquakes,1 - 4,FC Dallas,,,
276,02-05-2021,FC Dallas,1 - 5,Portland Timbers,,,
277,08-05-2021,FC Dallas,1 - 2,Houston Dynamo,,,
278,16-05-2021,Minnesota Utd,1 - 0,FC Dallas,,,
279,23-05-2021,FC Dallas,2 - 3,Real Salt Lake,,,
28,16-10-2021,Toronto FC,0 - 2,Atlanta United FC,,,
280,30-05-2021,Colorado Rapids,3 - 0,FC Dallas,,,
281,20-06-2021,FC Dallas,1 - 2,Minnesota Utd,,,
282,24-06-2021,Los Angeles FC,2 - 0,FC Dallas,,,
283,28-06-2021,FC Dallas,1 - 3,New England Revolution,,,
284,05-07-2021,FC Dallas,2 - 3,Vancouver Whitecaps,,,
285,08-07-2021,LA Galaxy,1 - 4,FC Dallas,,,
286,18-07-2021,Portland Timbers,1 - 0,FC Dallas,,,
287,22-07-2021,Colorado Rapids,2 - 0,FC Dallas,,,
288,25-07-2021,FC Dallas,4 - 0,LA Galaxy,,,
289,01-08-2021,Sporting Kansas City,2 - 2,FC Dallas,,,
29,20-10-2021,Atlanta United FC,1 - 2,New York City FC,,,
290,05-08-2021,Seattle Sounders FC,1 - 2,FC Dallas,,,
291,08-08-2021,FC Dallas,2 - 0,Austin,,,
292,15-08-2021,FC Dallas,0 - 2,Sporting Kansas City,,,
293,19-08-2021,FC Dallas,0 - 1,Seattle Sounders FC,,,
294,22-08-2021,Houston Dynamo,2 - 3,FC Dallas,,,
295,30-08-2021,Austin,6 - 2,FC Dallas,,,
296,05-09-2021,Real Salt Lake,2 - 4,FC Dallas,,,
297,12-09-2021,FC Dallas,1 - 2,San Jose Earthquakes,,,
298,14-09-2021,New York City FC,5 - 1,FC Dallas,,,
299,19-09-2021,Houston Dynamo,2 - 4,FC Dallas,,,
3,09-05-2021,Club Internacional de Fútbol Miami,1 - 2,Atlanta United FC,,,
30,27-10-2021,Atlanta United FC,1 - 3,Club Internacional de Fútbol Miami,,,
300,26-09-2021,Vancouver Whitecaps,1 - 0,FC Dallas,,,
301,30-09-2021,FC Dallas,4 - 4,Sporting Kansas City,,,
302,03-10-2021,FC Dallas,0 - 0,Minnesota Utd,,,
303,21-10-2021,FC Dallas,4 - 4,Los Angeles FC,,,
304,24-10-2021,LA Galaxy,2 - 3,FC Dallas,,,
305,28-10-2021,FC Dallas,2 - 2,Real Salt Lake,,,
306,31-10-2021,FC Dallas,1 - 3,Austin,,,
307,07-11-2021,San Jose Earthquakes,1 - 2,FC Dallas,,,
308,17-04-2021,Houston Dynamo,1 - 3,San Jose Earthquakes,,,
309,25-04-2021,Portland Timbers,1 - 3,Houston Dynamo,,,
31,30-10-2021,Atlanta United FC,1 - 2,Toronto FC,,,
310,01-05-2021,Houston Dynamo,1 - 2,Los Angeles FC,,,
311,08-05-2021,FC Dallas,1 - 2,Houston Dynamo,,,
312,13-05-2021,Houston Dynamo,1 - 0,Sporting Kansas City,,,
313,16-05-2021,Colorado Rapids,1 - 4,Houston Dynamo,,,
314,23-05-2021,Houston Dynamo,1 - 3,Vancouver Whitecaps,,,
315,30-05-2021,Sporting Kansas City,2 - 4,Houston Dynamo,,,
316,20-06-2021,Los Angeles FC,1 - 2,Houston Dynamo,,,
317,24-06-2021,Houston Dynamo,2 - 3,Portland Timbers,,,
318,27-06-2021,Real Salt Lake,1 - 2,Houston Dynamo,,,
319,04-07-2021,Houston Dynamo,1 - 2,FC Cincinnati,,,
32,03-11-2021,New York Red Bulls,0 - 0,Atlanta United FC,,,
320,08-07-2021,Seattle Sounders FC,2 - 0,Houston Dynamo,,,
321,21-07-2021,Vancouver Whitecaps,0 - 0,Houston Dynamo,,,
322,25-07-2021,San Jose Earthquakes,1 - 2,Houston Dynamo,,,
323,01-08-2021,Houston Dynamo,0 - 0,Real Salt Lake,,,
324,05-08-2021,Austin,2 - 4,Houston Dynamo,,,
325,08-08-2021,Minnesota Utd,2 - 0,Houston Dynamo,,,
326,15-08-2021,Houston Dynamo,4 - 4,Colorado Rapids,,,
327,19-08-2021,Real Salt Lake,1 - 3,Houston Dynamo,,,
328,22-08-2021,Houston Dynamo,2 - 3,FC Dallas,,,
329,29-08-2021,Houston Dynamo,2 - 2,Minnesota Utd,,,
33,07-11-2021,FC Cincinnati,2 - 2,Atlanta United FC,,,
330,04-09-2021,Houston Dynamo,0 - 2,Portland Timbers,,,
331,12-09-2021,Houston Dynamo,3 - 0,Austin,,,
332,16-09-2021,LA Galaxy,1 - 2,Houston Dynamo,,,
333,19-09-2021,Houston Dynamo,2 - 4,FC Dallas,,,
334,26-09-2021,Minnesota Utd,2 - 0,Houston Dynamo,,,
335,30-09-2021,Houston Dynamo,0 - 0,Vancouver Whitecaps,,,
336,03-10-2021,Sporting Kansas City,3 - 1,Houston Dynamo,,,
337,17-10-2021,Houston Dynamo,1 - 3,Seattle Sounders FC,,,
338,21-10-2021,Houston Dynamo,0 - 3,LA Galaxy,,,
339,24-10-2021,Austin,1 - 3,Houston Dynamo,,,
34,21-11-2021,New York City FC,2 - 0,Atlanta United FC,,,
340,31-10-2021,Houston Dynamo,0 - 1,Colorado Rapids,,,
341,03-11-2021,Montreal Impact,2 - 0,Houston Dynamo,,,
342,18-04-2021,Club Internacional de Fútbol Miami,4 - 4,LA Galaxy,,,
343,25-04-2021,LA Galaxy,2 - 4,New York Red Bulls,,,
344,03-05-2021,Seattle Sounders FC,3 - 0,LA Galaxy,,,
345,09-05-2021,LA Galaxy,1 - 3,Los Angeles FC,,,
346,15-05-2021,LA Galaxy,2 - 0,Austin,,,
347,22-05-2021,Portland Timbers,3 - 0,LA Galaxy,,,
348,29-05-2021,LA Galaxy,1 - 0,San Jose Earthquakes,,,
349,20-06-2021,LA Galaxy,2 - 2,Seattle Sounders FC,,,
35,18-04-2021,Los Angeles FC,2 - 0,Austin,,,
350,24-06-2021,Vancouver Whitecaps,2 - 2,LA Galaxy,,,
351,27-06-2021,San Jose Earthquakes,4 - 4,LA Galaxy,,,
352,05-07-2021,LA Galaxy,0 - 2,Sporting Kansas City,,,
353,08-07-2021,LA Galaxy,1 - 4,FC Dallas,,,
354,18-07-2021,Vancouver Whitecaps,1 - 3,LA Galaxy,,,
355,22-07-2021,Real Salt Lake,2 - 3,LA Galaxy,,,
356,25-07-2021,FC Dallas,4 - 0,LA Galaxy,,,
357,31-07-2021,LA Galaxy,1 - 5,Portland Timbers,,,
358,05-08-2021,LA Galaxy,1 - 0,Real Salt Lake,,,
359,09-08-2021,LA Galaxy,1 - 2,Vancouver Whitecaps,,,
36,25-04-2021,Colorado Rapids,4 - 4,Austin,,,
360,14-08-2021,Minnesota Utd,0 - 1,LA Galaxy,,,
361,18-08-2021,LA Galaxy,2 - 2,Colorado Rapids,,,
362,21-08-2021,LA Galaxy,2 - 2,San Jose Earthquakes,,,
363,28-08-2021,Los Angeles FC,5 - 1,LA Galaxy,,,
364,11-09-2021,Colorado Rapids,1 - 2,LA Galaxy,,,
365,16-09-2021,LA Galaxy,1 - 2,Houston Dynamo,,,
366,19-09-2021,Minnesota Utd,3 - 0,LA Galaxy,,,
367,27-09-2021,Austin,2 - 0,LA Galaxy,,,
368,30-09-2021,Real Salt Lake,1 - 3,LA Galaxy,,,
369,04-10-2021,LA Galaxy,1 - 2,Los Angeles FC,,,
37,02-05-2021,Minnesota Utd,0 - 1,Austin,,,
370,17-10-2021,LA Galaxy,1 - 3,Portland Timbers,,,
371,21-10-2021,Houston Dynamo,0 - 3,LA Galaxy,,,
372,24-10-2021,LA Galaxy,2 - 3,FC Dallas,,,
373,28-10-2021,Sporting Kansas City,2 - 0,LA Galaxy,,,
374,02-11-2021,Seattle Sounders FC,1 - 2,LA Galaxy,,,
375,07-11-2021,LA Galaxy,5 - 1,Minnesota Utd,,,
376,18-04-2021,Los Angeles FC,2 - 0,Austin,,,
377,25-04-2021,Los Angeles FC,1 - 2,Seattle Sounders FC,,,
378,01-05-2021,Houston Dynamo,1 - 2,Los Angeles FC,,,
379,09-05-2021,LA Galaxy,1 - 3,Los Angeles FC,,,
38,09-05-2021,Sporting Kansas City,1 - 3,Austin,,,
380,17-05-2021,Seattle Sounders FC,2 - 0,Los Angeles FC,,,
381,23-05-2021,Los Angeles FC,1 - 3,Colorado Rapids,,,
382,29-05-2021,Los Angeles FC,2 - 2,New York City FC,,,
383,20-06-2021,Los Angeles FC,1 - 2,Houston Dynamo,,,
384,24-06-2021,Los Angeles FC,2 - 0,FC Dallas,,,
385,26-06-2021,Sporting Kansas City,1 - 3,Los Angeles FC,,,
386,04-07-2021,Real Salt Lake,0 - 1,Los Angeles FC,,,
387,08-07-2021,Austin,0 - 2,Los Angeles FC,,,
388,18-07-2021,Los Angeles FC,1 - 3,Real Salt Lake,,,
389,22-07-2021,Portland Timbers,1 - 3,Los Angeles FC,,,
39,15-05-2021,LA Galaxy,2 - 0,Austin,,,
390,25-07-2021,Los Angeles FC,2 - 3,Vancouver Whitecaps,,,
391,29-07-2021,Los Angeles FC,2 - 3,Minnesota Utd,,,
392,05-08-2021,Los Angeles FC,5 - 2,Sporting Kansas City,,,
393,08-08-2021,San Jose Earthquakes,1 - 3,Los Angeles FC,,,
394,15-08-2021,Atlanta United FC,1 - 0,Los Angeles FC,,,
395,22-08-2021,Vancouver Whitecaps,1 - 3,Los Angeles FC,,,
396,28-08-2021,Los Angeles FC,5 - 1,LA Galaxy,,,
397,04-09-2021,Los Angeles FC,4 - 0,Sporting Kansas City,,,
398,13-09-2021,Los Angeles FC,2 - 4,Real Salt Lake,,,
399,16-09-2021,Austin,2 - 2,Los Angeles FC,,,
4,15-05-2021,Atlanta United FC,1 - 0,Montreal Impact,,,
40,24-05-2021,Nashville SC (MLS),1 - 0,Austin,,,
400,19-09-2021,Portland Timbers,1 - 3,Los Angeles FC,,,
401,26-09-2021,San Jose Earthquakes,2 - 0,Los Angeles FC,,,
402,30-09-2021,Los Angeles FC,2 - 2,Portland Timbers,,,
403,04-10-2021,LA Galaxy,1 - 2,Los Angeles FC,,,
404,16-10-2021,Los Angeles FC,1 - 4,San Jose Earthquakes,,,
405,21-10-2021,FC Dallas,4 - 4,Los Angeles FC,,,
406,24-10-2021,Minnesota Utd,1 - 2,Los Angeles FC,,,
407,27-10-2021,Los Angeles FC,3 - 0,Seattle Sounders FC,,,
408,03-11-2021,Los Angeles FC,1 - 2,Vancouver Whitecaps,,,
409,07-11-2021,Colorado Rapids,3 - 2,Los Angeles FC,,,
41,31-05-2021,Seattle Sounders FC,0 - 0,Austin,,,
410,17-04-2021,Seattle Sounders FC,4 - 0,Minnesota Utd,,,
411,25-04-2021,Minnesota Utd,2 - 2,Real Salt Lake,,,
412,02-05-2021,Minnesota Utd,0 - 1,Austin,,,
413,09-05-2021,Colorado Rapids,2 - 4,Minnesota Utd,,,
414,13-05-2021,Minnesota Utd,1 - 0,Vancouver Whitecaps,,,
415,16-05-2021,Minnesota Utd,1 - 0,FC Dallas,,,
416,30-05-2021,Real Salt Lake,1 - 2,Minnesota Utd,,,
417,20-06-2021,FC Dallas,1 - 2,Minnesota Utd,,,
418,24-06-2021,Minnesota Utd,2 - 0,Austin,,,
419,27-06-2021,Portland Timbers,0 - 1,Minnesota Utd,,,
42,12-06-2021,Sporting Kansas City,1 - 2,Austin,,,
420,04-07-2021,Minnesota Utd,2 - 3,San Jose Earthquakes,,,
421,08-07-2021,Colorado Rapids,2 - 0,Minnesota Utd,,,
422,18-07-2021,Minnesota Utd,1 - 0,Seattle Sounders FC,,,
423,25-07-2021,Minnesota Utd,1 - 3,Portland Timbers,,,
424,29-07-2021,Los Angeles FC,2 - 3,Minnesota Utd,,,
425,01-08-2021,Vancouver Whitecaps,2 - 3,Minnesota Utd,,,
426,08-08-2021,Minnesota Utd,2 - 0,Houston Dynamo,,,
427,14-08-2021,Minnesota Utd,0 - 1,LA Galaxy,,,
428,18-08-2021,San Jose Earthquakes,1 - 2,Minnesota Utd,,,
429,21-08-2021,Minnesota Utd,0 - 0,Sporting Kansas City,,,
43,20-06-2021,Austin,0 - 0,San Jose Earthquakes,,,
430,29-08-2021,Houston Dynamo,2 - 2,Minnesota Utd,,,
431,11-09-2021,Seattle Sounders FC,1 - 0,Minnesota Utd,,,
432,16-09-2021,Sporting Kansas City,4 - 0,Minnesota Utd,,,
433,19-09-2021,Minnesota Utd,3 - 0,LA Galaxy,,,
434,26-09-2021,Minnesota Utd,2 - 0,Houston Dynamo,,,
435,29-09-2021,DC United,1 - 4,Minnesota Utd,,,
436,03-10-2021,FC Dallas,0 - 0,Minnesota Utd,,,
437,10-10-2021,Minnesota Utd,4 - 4,Colorado Rapids,,,
438,17-10-2021,Austin,0 - 1,Minnesota Utd,,,
439,21-10-2021,Minnesota Utd,2 - 4,Philadelphia Union,,,
44,24-06-2021,Minnesota Utd,2 - 0,Austin,,,
440,24-10-2021,Minnesota Utd,1 - 2,Los Angeles FC,,,
441,28-10-2021,Vancouver Whitecaps,1 - 3,Minnesota Utd,,,
442,31-10-2021,Minnesota Utd,1 - 3,Sporting Kansas City,,,
443,07-11-2021,LA Galaxy,5 - 1,Minnesota Utd,,,
444,21-11-2021,Portland Timbers,1 - 4,Minnesota Utd,,,
445,17-04-2021,Montreal Impact,3 - 1,Toronto FC,,,
446,24-04-2021,Nashville SC (MLS),2 - 3,Montreal Impact,,,
447,01-05-2021,Montreal Impact,0 - 0,Columbus Crew,,,
448,08-05-2021,Vancouver Whitecaps,2 - 0,Montreal Impact,,,
449,12-05-2021,Club Internacional de Fútbol Miami,0 - 2,Montreal Impact,,,
45,28-06-2021,Austin,0 - 0,Columbus Crew,,,
450,15-05-2021,Atlanta United FC,1 - 0,Montreal Impact,,,
451,22-05-2021,Montreal Impact,2 - 2,FC Cincinnati,,,
452,29-05-2021,Chicago Fire,0 - 1,Montreal Impact,,,
453,24-06-2021,Montreal Impact,0 - 0,DC United,,,
454,27-06-2021,Nashville SC (MLS),1 - 2,Montreal Impact,,,
455,03-07-2021,Montreal Impact,1 - 0,Club Internacional de Fútbol Miami,,,
456,07-07-2021,Montreal Impact,1 - 3,New York City FC,,,
457,17-07-2021,Montreal Impact,6 - 1,FC Cincinnati,,,
458,21-07-2021,New York City FC,1 - 0,Montreal Impact,,,
459,25-07-2021,New England Revolution,1 - 3,Montreal Impact,,,
46,02-07-2021,Austin,1 - 5,Portland Timbers,,,
460,01-08-2021,Club Internacional de Fútbol Miami,1 - 3,Montreal Impact,,,
461,04-08-2021,Montreal Impact,2 - 3,Atlanta United FC,,,
462,09-08-2021,DC United,1 - 3,Montreal Impact,,,
463,15-08-2021,Montreal Impact,1 - 3,New York Red Bulls,,,
464,18-08-2021,FC Cincinnati,0 - 0,Montreal Impact,,,
465,22-08-2021,Philadelphia Union,1 - 2,Montreal Impact,,,
466,27-08-2021,Montreal Impact,1 - 4,Toronto FC,,,
467,12-09-2021,Montreal Impact,0 - 1,Nashville SC (MLS),,,
468,15-09-2021,Orlando City SC,5 - 3,Montreal Impact,,,
469,19-09-2021,Montreal Impact,2 - 0,Chicago Fire,,,
47,08-07-2021,Austin,0 - 2,Los Angeles FC,,,
470,25-09-2021,Columbus Crew,1 - 3,Montreal Impact,,,
471,29-09-2021,Montreal Impact,5 - 2,New England Revolution,,,
472,02-10-2021,Montreal Impact,1 - 3,Atlanta United FC,,,
473,16-10-2021,Montreal Impact,2 - 3,Philadelphia Union,,,
474,20-10-2021,Orlando City SC,1 - 2,Montreal Impact,,,
475,23-10-2021,Toronto FC,1 - 2,Montreal Impact,,,
476,30-10-2021,New York Red Bulls,1 - 0,Montreal Impact,,,
477,03-11-2021,Montreal Impact,2 - 0,Houston Dynamo,,,
478,07-11-2021,Montreal Impact,0 - 2,Orlando City SC,,,
479,18-04-2021,Nashville SC (MLS),2 - 3,FC Cincinnati,,,
48,23-07-2021,Austin,0 - 1,Seattle Sounders FC,,,
480,24-04-2021,Nashville SC (MLS),2 - 3,Montreal Impact,,,
481,02-05-2021,Nashville SC (MLS),0 - 0,Club Internacional de Fútbol Miami,,,
482,08-05-2021,Nashville SC (MLS),2 - 0,New England Revolution,,,
483,16-05-2021,Real Salt Lake,0 - 0,Nashville SC (MLS),,,
484,24-05-2021,Nashville SC (MLS),1 - 0,Austin,,,
485,29-05-2021,Atlanta United FC,2 - 3,Nashville SC (MLS),,,
486,19-06-2021,New York Red Bulls,2 - 0,Nashville SC (MLS),,,
487,24-06-2021,Nashville SC (MLS),2 - 4,Toronto FC,,,
488,27-06-2021,Nashville SC (MLS),1 - 2,Montreal Impact,,,
489,04-07-2021,Nashville SC (MLS),1 - 0,Philadelphia Union,,,
49,01-08-2021,Austin,0 - 1,Colorado Rapids,,,
490,09-07-2021,Nashville SC (MLS),2 - 3,Atlanta United FC,,,
491,18-07-2021,Nashville SC (MLS),1 - 6,Chicago Fire,,,
492,21-07-2021,Columbus Crew,0 - 0,Nashville SC (MLS),,,
493,25-07-2021,Nashville SC (MLS),3 - 0,FC Cincinnati,,,
494,01-08-2021,Toronto FC,1 - 2,Nashville SC (MLS),,,
495,04-08-2021,New England Revolution,0 - 0,Nashville SC (MLS),,,
496,08-08-2021,Club Internacional de Fútbol Miami,1 - 3,Nashville SC (MLS),,,
497,15-08-2021,Nashville SC (MLS),3 - 2,DC United,,,
498,19-08-2021,Nashville SC (MLS),1 - 2,Orlando City SC,,,
499,28-08-2021,Atlanta United FC,0 - 2,Nashville SC (MLS),,,
5,23-05-2021,Seattle Sounders FC,1 - 2,Atlanta United FC,,,
50,05-08-2021,Austin,2 - 4,Houston Dynamo,,,
500,03-09-2021,Nashville SC (MLS),1 - 4,New York City FC,,,
501,12-09-2021,Montreal Impact,0 - 1,Nashville SC (MLS),,,
502,18-09-2021,Toronto FC,1 - 3,Nashville SC (MLS),,,
503,22-09-2021,Club Internacional de Fútbol Miami,7 - 1,Nashville SC (MLS),,,
504,26-09-2021,Chicago Fire,0 - 0,Nashville SC (MLS),,,
505,30-09-2021,Nashville SC (MLS),2 - 3,Orlando City SC,,,
506,03-10-2021,New York City FC,0 - 0,Nashville SC (MLS),,,
507,16-10-2021,DC United,0 - 0,Nashville SC (MLS),,,
508,21-10-2021,Nashville SC (MLS),1 - 2,Columbus Crew,,,
509,23-10-2021,Philadelphia Union,1 - 0,Nashville SC (MLS),,,
51,08-08-2021,FC Dallas,2 - 0,Austin,,,
510,27-10-2021,FC Cincinnati,6 - 2,Nashville SC (MLS),,,
511,31-10-2021,Orlando City SC,1 - 2,Nashville SC (MLS),,,
512,07-11-2021,Nashville SC (MLS),1 - 2,New York Red Bulls,,,
513,24-11-2021,Nashville SC (MLS),1 - 4,Orlando City SC,,,
514,18-04-2021,Chicago Fire,2 - 3,New England Revolution,,,
515,25-04-2021,New England Revolution,1 - 0,DC United,,,
516,01-05-2021,New England Revolution,1 - 3,Atlanta United FC,,,
517,08-05-2021,Nashville SC (MLS),2 - 0,New England Revolution,,,
518,12-05-2021,Philadelphia Union,1 - 2,New England Revolution,,,
519,16-05-2021,New England Revolution,1 - 0,Columbus Crew,,,
52,15-08-2021,Real Salt Lake,1 - 0,Austin,,,
520,23-05-2021,New England Revolution,1 - 4,New York Red Bulls,,,
521,29-05-2021,FC Cincinnati,0 - 1,New England Revolution,,,
522,19-06-2021,New York City FC,4 - 4,New England Revolution,,,
523,23-06-2021,New England Revolution,2 - 4,New York Red Bulls,,,
524,28-06-2021,FC Dallas,1 - 3,New England Revolution,,,
525,03-07-2021,Columbus Crew,2 - 3,New England Revolution,,,
526,07-07-2021,New England Revolution,4 - 4,Toronto FC,,,
527,17-07-2021,Atlanta United FC,0 - 1,New England Revolution,,,
528,21-07-2021,Club Internacional de Fútbol Miami,0 - 5,New England Revolution,,,
529,25-07-2021,New England Revolution,1 - 3,Montreal Impact,,,
53,19-08-2021,Austin,2 - 2,Vancouver Whitecaps,,,
530,31-07-2021,New York Red Bulls,4 - 4,New England Revolution,,,
531,04-08-2021,New England Revolution,0 - 0,Nashville SC (MLS),,,
532,08-08-2021,New England Revolution,1 - 3,Philadelphia Union,,,
533,15-08-2021,Toronto FC,2 - 2,New England Revolution,,,
534,18-08-2021,New England Revolution,2 - 4,DC United,,,
535,22-08-2021,New England Revolution,1 - 5,FC Cincinnati,,,
536,28-08-2021,New York City FC,2 - 0,New England Revolution,,,
537,03-09-2021,Philadelphia Union,0 - 1,New England Revolution,,,
538,11-09-2021,New England Revolution,1 - 3,New York City FC,,,
539,18-09-2021,New England Revolution,1 - 2,Columbus Crew,,,
54,22-08-2021,Austin,1 - 4,Portland Timbers,,,
540,23-09-2021,Chicago Fire,4 - 4,New England Revolution,,,
541,25-09-2021,New England Revolution,1 - 3,Orlando City SC,,,
542,29-09-2021,Montreal Impact,5 - 2,New England Revolution,,,
543,16-10-2021,New England Revolution,2 - 3,Chicago Fire,,,
544,20-10-2021,DC United,4 - 4,New England Revolution,,,
545,24-10-2021,Orlando City SC,2 - 3,New England Revolution,,,
546,27-10-2021,New England Revolution,1 - 0,Colorado Rapids,,,
547,07-11-2021,New England Revolution,0 - 1,Club Internacional de Fútbol Miami,,,
548,18-04-2021,DC United,1 - 3,New York City FC,,,
549,24-04-2021,New York City FC,5 - 0,FC Cincinnati,,,
55,30-08-2021,Austin,6 - 2,FC Dallas,,,
550,01-05-2021,Philadelphia Union,0 - 2,New York City FC,,,
551,08-05-2021,Orlando City SC,1 - 2,New York City FC,,,
552,15-05-2021,New York City FC,1 - 2,Toronto FC,,,
553,22-05-2021,New York City FC,2 - 2,Columbus Crew,,,
554,29-05-2021,Los Angeles FC,2 - 2,New York City FC,,,
555,19-06-2021,New York City FC,4 - 4,New England Revolution,,,
556,23-06-2021,New York City FC,1 - 0,Atlanta United FC,,,
557,27-06-2021,New York City FC,1 - 3,DC United,,,
558,07-07-2021,Montreal Impact,1 - 3,New York City FC,,,
559,17-07-2021,Columbus Crew,1 - 3,New York City FC,,,
56,04-09-2021,Vancouver Whitecaps,1 - 3,Austin,,,
560,21-07-2021,New York City FC,1 - 0,Montreal Impact,,,
561,25-07-2021,New York City FC,5 - 0,Orlando City SC,,,
562,30-07-2021,New York City FC,1 - 5,Columbus Crew,,,
563,05-08-2021,Chicago Fire,0 - 0,New York City FC,,,
564,08-08-2021,Toronto FC,2 - 3,New York City FC,,,
565,15-08-2021,New York City FC,2 - 0,Club Internacional de Fútbol Miami,,,
566,18-08-2021,Philadelphia Union,1 - 0,New York City FC,,,
567,28-08-2021,New York City FC,2 - 0,New England Revolution,,,
568,03-09-2021,Nashville SC (MLS),1 - 4,New York City FC,,,
569,11-09-2021,New England Revolution,1 - 3,New York City FC,,,
57,12-09-2021,Houston Dynamo,3 - 0,Austin,,,
570,14-09-2021,New York City FC,5 - 1,FC Dallas,,,
571,18-09-2021,FC Cincinnati,2 - 2,New York City FC,,,
572,23-09-2021,New York Red Bulls,1 - 2,New York City FC,,,
573,26-09-2021,New York City FC,0 - 1,New York Red Bulls,,,
574,30-09-2021,Chicago Fire,2 - 0,New York City FC,,,
575,03-10-2021,New York City FC,0 - 0,Nashville SC (MLS),,,
576,17-10-2021,New York Red Bulls,1 - 0,New York City FC,,,
577,20-10-2021,Atlanta United FC,1 - 2,New York City FC,,,
578,23-10-2021,New York City FC,6 - 0,DC United,,,
579,27-10-2021,New York City FC,1 - 0,Chicago Fire,,,
58,16-09-2021,Austin,2 - 2,Los Angeles FC,,,
580,30-10-2021,Club Internacional de Fútbol Miami,4 - 4,New York City FC,,,
581,07-11-2021,New York City FC,1 - 2,Philadelphia Union,,,
582,21-11-2021,New York City FC,2 - 0,Atlanta United FC,,,
583,05-12-2021,Philadelphia Union,2 - 2,New York City FC,,,
584,18-04-2021,New York Red Bulls,2 - 2,Sporting Kansas City,,,
585,25-04-2021,LA Galaxy,2 - 4,New York Red Bulls,,,
586,01-05-2021,New York Red Bulls,2 - 0,Chicago Fire,,,
587,08-05-2021,New York Red Bulls,2 - 0,Toronto FC,,,
588,15-05-2021,Philadelphia Union,1 - 0,New York Red Bulls,,,
589,23-05-2021,New England Revolution,1 - 4,New York Red Bulls,,,
59,19-09-2021,Austin,5 - 4,San Jose Earthquakes,,,
590,29-05-2021,New York Red Bulls,1 - 3,Orlando City SC,,,
591,19-06-2021,New York Red Bulls,2 - 0,Nashville SC (MLS),,,
592,23-06-2021,New England Revolution,2 - 4,New York Red Bulls,,,
593,27-06-2021,Atlanta United FC,0 - 0,New York Red Bulls,,,
594,03-07-2021,Orlando City SC,2 - 2,New York Red Bulls,,,
595,09-07-2021,New York Red Bulls,1 - 2,Philadelphia Union,,,
596,21-07-2021,Toronto FC,1 - 2,New York Red Bulls,,,
597,26-07-2021,DC United,1 - 0,New York Red Bulls,,,
598,31-07-2021,New York Red Bulls,4 - 4,New England Revolution,,,
599,05-08-2021,New York Red Bulls,0 - 0,FC Cincinnati,,,
6,29-05-2021,Atlanta United FC,2 - 3,Nashville SC (MLS),,,
60,27-09-2021,Austin,2 - 0,LA Galaxy,,,
600,08-08-2021,Chicago Fire,1 - 3,New York Red Bulls,,,
601,15-08-2021,Montreal Impact,1 - 3,New York Red Bulls,,,
602,19-08-2021,New York Red Bulls,1 - 0,Columbus Crew,,,
603,28-08-2021,New York Red Bulls,0 - 1,Chicago Fire,,,
604,11-09-2021,New York Red Bulls,1 - 2,DC United,,,
605,14-09-2021,Columbus Crew,1 - 3,New York Red Bulls,,,
606,17-09-2021,Club Internacional de Fútbol Miami,0 - 4,New York Red Bulls,,,
607,23-09-2021,New York Red Bulls,1 - 2,New York City FC,,,
608,26-09-2021,New York City FC,0 - 1,New York Red Bulls,,,
609,29-09-2021,New York Red Bulls,1 - 2,Philadelphia Union,,,
61,30-09-2021,Colorado Rapids,3 - 0,Austin,,,
610,02-10-2021,FC Cincinnati,0 - 1,New York Red Bulls,,,
611,09-10-2021,New York Red Bulls,1 - 0,Club Internacional de Fútbol Miami,,,
612,17-10-2021,New York Red Bulls,1 - 0,New York City FC,,,
613,23-10-2021,Columbus Crew,2 - 2,New York Red Bulls,,,
614,27-10-2021,DC United,1 - 0,New York Red Bulls,,,
615,30-10-2021,New York Red Bulls,1 - 0,Montreal Impact,,,
616,03-11-2021,New York Red Bulls,0 - 0,Atlanta United FC,,,
617,07-11-2021,Nashville SC (MLS),1 - 2,New York Red Bulls,,,
618,17-04-2021,Orlando City SC,0 - 0,Atlanta United FC,,,
619,23-04-2021,Sporting Kansas City,1 - 2,Orlando City SC,,,
62,02-10-2021,Austin,1 - 3,Real Salt Lake,,,
620,01-05-2021,Orlando City SC,3 - 0,FC Cincinnati,,,
621,08-05-2021,Orlando City SC,1 - 2,New York City FC,,,
622,17-05-2021,DC United,0 - 1,Orlando City SC,,,
623,22-05-2021,Orlando City SC,1 - 0,Toronto FC,,,
624,29-05-2021,New York Red Bulls,1 - 3,Orlando City SC,,,
625,19-06-2021,Toronto FC,4 - 4,Orlando City SC,,,
626,22-06-2021,Orlando City SC,5 - 0,San Jose Earthquakes,,,
627,26-06-2021,Club Internacional de Fútbol Miami,2 - 2,Orlando City SC,,,
628,03-07-2021,Orlando City SC,2 - 2,New York Red Bulls,,,
629,08-07-2021,Chicago Fire,1 - 4,Orlando City SC,,,
63,17-10-2021,Austin,0 - 1,Minnesota Utd,,,
630,17-07-2021,Toronto FC,1 - 2,Orlando City SC,,,
631,22-07-2021,Orlando City SC,1 - 3,Philadelphia Union,,,
632,25-07-2021,New York City FC,5 - 0,Orlando City SC,,,
633,31-07-2021,Orlando City SC,2 - 4,Atlanta United FC,,,
634,05-08-2021,Orlando City SC,1 - 2,Club Internacional de Fútbol Miami,,,
635,07-08-2021,FC Cincinnati,1 - 2,Orlando City SC,,,
636,19-08-2021,Nashville SC (MLS),1 - 2,Orlando City SC,,,
637,22-08-2021,Orlando City SC,1 - 0,Chicago Fire,,,
638,28-08-2021,Orlando City SC,0 - 0,Club Internacional de Fútbol Miami,,,
639,04-09-2021,Orlando City SC,2 - 4,Columbus Crew,,,
64,21-10-2021,San Jose Earthquakes,4 - 0,Austin,,,
640,10-09-2021,Atlanta United FC,3 - 0,Orlando City SC,,,
641,15-09-2021,Orlando City SC,5 - 3,Montreal Impact,,,
642,19-09-2021,Philadelphia Union,1 - 4,Orlando City SC,,,
643,25-09-2021,New England Revolution,1 - 3,Orlando City SC,,,
644,30-09-2021,Nashville SC (MLS),2 - 3,Orlando City SC,,,
645,02-10-2021,Orlando City SC,1 - 3,DC United,,,
646,16-10-2021,FC Cincinnati,0 - 1,Orlando City SC,,,
647,20-10-2021,Orlando City SC,1 - 2,Montreal Impact,,,
648,24-10-2021,Orlando City SC,2 - 3,New England Revolution,,,
649,27-10-2021,Columbus Crew,2 - 4,Orlando City SC,,,
65,24-10-2021,Austin,1 - 3,Houston Dynamo,,,
650,31-10-2021,Orlando City SC,1 - 2,Nashville SC (MLS),,,
651,07-11-2021,Montreal Impact,0 - 2,Orlando City SC,,,
652,24-11-2021,Nashville SC (MLS),1 - 4,Orlando City SC,,,
653,18-04-2021,Columbus Crew,0 - 0,Philadelphia Union,,,
654,25-04-2021,Philadelphia Union,2 - 2,Club Internacional de Fútbol Miami,,,
655,01-05-2021,Philadelphia Union,0 - 2,New York City FC,,,
656,08-05-2021,Chicago Fire,0 - 2,Philadelphia Union,,,
657,12-05-2021,Philadelphia Union,1 - 2,New England Revolution,,,
658,15-05-2021,Philadelphia Union,1 - 0,New York Red Bulls,,,
659,23-05-2021,DC United,0 - 1,Philadelphia Union,,,
66,31-10-2021,FC Dallas,1 - 3,Austin,,,
660,30-05-2021,Philadelphia Union,3 - 0,Portland Timbers,,,
661,20-06-2021,Atlanta United FC,2 - 3,Philadelphia Union,,,
662,23-06-2021,Philadelphia Union,1 - 0,Columbus Crew,,,
663,27-06-2021,Chicago Fire,5 - 1,Philadelphia Union,,,
664,04-07-2021,Nashville SC (MLS),1 - 0,Philadelphia Union,,,
665,09-07-2021,New York Red Bulls,1 - 2,Philadelphia Union,,,
666,17-07-2021,Philadelphia Union,1 - 3,DC United,,,
667,22-07-2021,Orlando City SC,1 - 3,Philadelphia Union,,,
668,25-07-2021,Club Internacional de Fútbol Miami,1 - 2,Philadelphia Union,,,
669,01-08-2021,Philadelphia Union,1 - 2,Chicago Fire,,,
67,04-11-2021,Austin,1 - 4,Sporting Kansas City,,,
670,04-08-2021,Philadelphia Union,3 - 0,Toronto FC,,,
671,08-08-2021,New England Revolution,1 - 3,Philadelphia Union,,,
672,18-08-2021,Philadelphia Union,1 - 0,New York City FC,,,
673,22-08-2021,Philadelphia Union,1 - 2,Montreal Impact,,,
674,29-08-2021,DC United,1 - 4,Philadelphia Union,,,
675,03-09-2021,Philadelphia Union,0 - 1,New England Revolution,,,
676,19-09-2021,Philadelphia Union,1 - 4,Orlando City SC,,,
677,25-09-2021,Philadelphia Union,1 - 0,Atlanta United FC,,,
678,29-09-2021,New York Red Bulls,1 - 2,Philadelphia Union,,,
679,03-10-2021,Philadelphia Union,3 - 0,Columbus Crew,,,
68,07-11-2021,Portland Timbers,3 - 0,Austin,,,
680,10-10-2021,FC Cincinnati,2 - 2,Philadelphia Union,,,
681,16-10-2021,Montreal Impact,2 - 3,Philadelphia Union,,,
682,21-10-2021,Minnesota Utd,2 - 4,Philadelphia Union,,,
683,23-10-2021,Philadelphia Union,1 - 0,Nashville SC (MLS),,,
684,27-10-2021,Toronto FC,2 - 3,Philadelphia Union,,,
685,31-10-2021,Philadelphia Union,2 - 0,FC Cincinnati,,,
686,07-11-2021,New York City FC,1 - 2,Philadelphia Union,,,
687,05-12-2021,Philadelphia Union,2 - 2,New York City FC,,,
688,19-04-2021,Vancouver Whitecaps,1 - 0,Portland Timbers,,,
689,25-04-2021,Portland Timbers,1 - 3,Houston Dynamo,,,
69,18-04-2021,Chicago Fire,2 - 3,New England Revolution,,,
690,02-05-2021,FC Dallas,1 - 5,Portland Timbers,,,
691,09-05-2021,Portland Timbers,2 - 2,Seattle Sounders FC,,,
692,16-05-2021,San Jose Earthquakes,0 - 2,Portland Timbers,,,
693,22-05-2021,Portland Timbers,3 - 0,LA Galaxy,,,
694,30-05-2021,Philadelphia Union,3 - 0,Portland Timbers,,,
695,20-06-2021,Portland Timbers,1 - 3,Sporting Kansas City,,,
696,24-06-2021,Houston Dynamo,2 - 3,Portland Timbers,,,
697,27-06-2021,Portland Timbers,0 - 1,Minnesota Utd,,,
698,02-07-2021,Austin,1 - 5,Portland Timbers,,,
699,18-07-2021,Portland Timbers,1 - 0,FC Dallas,,,
7,20-06-2021,Atlanta United FC,2 - 3,Philadelphia Union,,,
70,25-04-2021,Atlanta United FC,1 - 4,Chicago Fire,,,
700,22-07-2021,Portland Timbers,1 - 3,Los Angeles FC,,,
701,25-07-2021,Minnesota Utd,1 - 3,Portland Timbers,,,
702,31-07-2021,LA Galaxy,1 - 5,Portland Timbers,,,
703,05-08-2021,Portland Timbers,1 - 2,San Jose Earthquakes,,,
704,08-08-2021,Portland Timbers,2 - 4,Real Salt Lake,,,
705,16-08-2021,Portland Timbers,7 - 1,Seattle Sounders FC,,,
706,19-08-2021,Sporting Kansas City,1 - 2,Portland Timbers,,,
707,22-08-2021,Austin,1 - 4,Portland Timbers,,,
708,30-08-2021,Seattle Sounders FC,0 - 2,Portland Timbers,,,
709,04-09-2021,Houston Dynamo,0 - 2,Portland Timbers,,,
71,01-05-2021,New York Red Bulls,2 - 0,Chicago Fire,,,
710,11-09-2021,Vancouver Whitecaps,0 - 1,Portland Timbers,,,
711,16-09-2021,Portland Timbers,2 - 3,Colorado Rapids,,,
712,19-09-2021,Portland Timbers,1 - 3,Los Angeles FC,,,
713,26-09-2021,Portland Timbers,1 - 7,Real Salt Lake,,,
714,30-09-2021,Los Angeles FC,2 - 2,Portland Timbers,,,
715,03-10-2021,Portland Timbers,1 - 0,Club Internacional de Fútbol Miami,,,
716,17-10-2021,LA Galaxy,1 - 3,Portland Timbers,,,
717,21-10-2021,Portland Timbers,4 - 4,Vancouver Whitecaps,,,
718,24-10-2021,Colorado Rapids,2 - 0,Portland Timbers,,,
719,28-10-2021,Portland Timbers,2 - 0,San Jose Earthquakes,,,
72,08-05-2021,Chicago Fire,0 - 2,Philadelphia Union,,,
720,04-11-2021,Real Salt Lake,4 - 4,Portland Timbers,,,
721,07-11-2021,Portland Timbers,3 - 0,Austin,,,
722,21-11-2021,Portland Timbers,1 - 4,Minnesota Utd,,,
723,25-11-2021,Colorado Rapids,0 - 1,Portland Timbers,,,
724,04-12-2021,Portland Timbers,2 - 0,Real Salt Lake,,,
725,25-04-2021,Minnesota Utd,2 - 2,Real Salt Lake,,,
726,01-05-2021,Real Salt Lake,1 - 4,Sporting Kansas City,,,
727,08-05-2021,Real Salt Lake,2 - 2,San Jose Earthquakes,,,
728,16-05-2021,Real Salt Lake,0 - 0,Nashville SC (MLS),,,
729,23-05-2021,FC Dallas,2 - 3,Real Salt Lake,,,
73,14-05-2021,DC United,1 - 0,Chicago Fire,,,
730,30-05-2021,Real Salt Lake,1 - 2,Minnesota Utd,,,
731,19-06-2021,Real Salt Lake,1 - 4,Vancouver Whitecaps,,,
732,24-06-2021,Seattle Sounders FC,1 - 3,Real Salt Lake,,,
733,27-06-2021,Real Salt Lake,1 - 2,Houston Dynamo,,,
734,04-07-2021,Real Salt Lake,0 - 1,Los Angeles FC,,,
735,08-07-2021,Vancouver Whitecaps,0 - 4,Real Salt Lake,,,
736,18-07-2021,Los Angeles FC,1 - 3,Real Salt Lake,,,
737,22-07-2021,Real Salt Lake,2 - 3,LA Galaxy,,,
738,25-07-2021,Real Salt Lake,3 - 0,Colorado Rapids,,,
739,01-08-2021,Houston Dynamo,0 - 0,Real Salt Lake,,,
74,22-05-2021,Chicago Fire,1 - 0,Club Internacional de Fútbol Miami,,,
740,05-08-2021,LA Galaxy,1 - 0,Real Salt Lake,,,
741,08-08-2021,Portland Timbers,2 - 4,Real Salt Lake,,,
742,15-08-2021,Real Salt Lake,1 - 0,Austin,,,
743,19-08-2021,Real Salt Lake,1 - 3,Houston Dynamo,,,
744,22-08-2021,Colorado Rapids,1 - 3,Real Salt Lake,,,
745,30-08-2021,Vancouver Whitecaps,1 - 5,Real Salt Lake,,,
746,05-09-2021,Real Salt Lake,2 - 4,FC Dallas,,,
747,13-09-2021,Los Angeles FC,2 - 4,Real Salt Lake,,,
748,16-09-2021,San Jose Earthquakes,5 - 4,Real Salt Lake,,,
749,19-09-2021,Real Salt Lake,1 - 0,Seattle Sounders FC,,,
75,29-05-2021,Chicago Fire,0 - 1,Montreal Impact,,,
750,26-09-2021,Portland Timbers,1 - 7,Real Salt Lake,,,
751,30-09-2021,Real Salt Lake,1 - 3,LA Galaxy,,,
752,02-10-2021,Austin,1 - 3,Real Salt Lake,,,
753,17-10-2021,Real Salt Lake,1 - 4,Colorado Rapids,,,
754,24-10-2021,Chicago Fire,1 - 0,Real Salt Lake,,,
755,28-10-2021,FC Dallas,2 - 2,Real Salt Lake,,,
756,30-10-2021,Real Salt Lake,5 - 4,San Jose Earthquakes,,,
757,04-11-2021,Real Salt Lake,4 - 4,Portland Timbers,,,
758,07-11-2021,Sporting Kansas City,0 - 1,Real Salt Lake,,,
759,28-11-2021,Sporting Kansas City,2 - 2,Real Salt Lake,,,
76,19-06-2021,Columbus Crew,2 - 0,Chicago Fire,,,
760,04-12-2021,Portland Timbers,2 - 0,Real Salt Lake,,,
761,17-04-2021,Houston Dynamo,1 - 3,San Jose Earthquakes,,,
762,24-04-2021,San Jose Earthquakes,1 - 4,FC Dallas,,,
763,02-05-2021,San Jose Earthquakes,1 - 5,DC United,,,
764,08-05-2021,Real Salt Lake,2 - 2,San Jose Earthquakes,,,
765,13-05-2021,San Jose Earthquakes,0 - 1,Seattle Sounders FC,,,
766,16-05-2021,San Jose Earthquakes,0 - 2,Portland Timbers,,,
767,23-05-2021,San Jose Earthquakes,4 - 4,Sporting Kansas City,,,
768,29-05-2021,LA Galaxy,1 - 0,San Jose Earthquakes,,,
769,20-06-2021,Austin,0 - 0,San Jose Earthquakes,,,
77,24-06-2021,Chicago Fire,0 - 1,FC Cincinnati,,,
770,22-06-2021,Orlando City SC,5 - 0,San Jose Earthquakes,,,
771,27-06-2021,San Jose Earthquakes,4 - 4,LA Galaxy,,,
772,04-07-2021,Minnesota Utd,2 - 3,San Jose Earthquakes,,,
773,18-07-2021,Colorado Rapids,1 - 2,San Jose Earthquakes,,,
774,22-07-2021,Sporting Kansas City,1 - 2,San Jose Earthquakes,,,
775,25-07-2021,San Jose Earthquakes,1 - 2,Houston Dynamo,,,
776,31-07-2021,Seattle Sounders FC,0 - 1,San Jose Earthquakes,,,
777,05-08-2021,Portland Timbers,1 - 2,San Jose Earthquakes,,,
778,08-08-2021,San Jose Earthquakes,1 - 3,Los Angeles FC,,,
779,14-08-2021,San Jose Earthquakes,0 - 0,Vancouver Whitecaps,,,
78,27-06-2021,Chicago Fire,5 - 1,Philadelphia Union,,,
780,18-08-2021,San Jose Earthquakes,1 - 2,Minnesota Utd,,,
781,21-08-2021,LA Galaxy,2 - 2,San Jose Earthquakes,,,
782,05-09-2021,San Jose Earthquakes,0 - 1,Colorado Rapids,,,
783,12-09-2021,FC Dallas,1 - 2,San Jose Earthquakes,,,
784,16-09-2021,San Jose Earthquakes,5 - 4,Real Salt Lake,,,
785,19-09-2021,Austin,5 - 4,San Jose Earthquakes,,,
786,26-09-2021,San Jose Earthquakes,2 - 0,Los Angeles FC,,,
787,30-09-2021,San Jose Earthquakes,4 - 4,Seattle Sounders FC,,,
788,03-10-2021,Vancouver Whitecaps,3 - 0,San Jose Earthquakes,,,
789,16-10-2021,Los Angeles FC,1 - 4,San Jose Earthquakes,,,
79,04-07-2021,Chicago Fire,3 - 0,Atlanta United FC,,,
790,21-10-2021,San Jose Earthquakes,4 - 0,Austin,,,
791,24-10-2021,San Jose Earthquakes,1 - 2,Vancouver Whitecaps,,,
792,28-10-2021,Portland Timbers,2 - 0,San Jose Earthquakes,,,
793,30-10-2021,Real Salt Lake,5 - 4,San Jose Earthquakes,,,
794,07-11-2021,San Jose Earthquakes,1 - 2,FC Dallas,,,
795,17-04-2021,Seattle Sounders FC,4 - 0,Minnesota Utd,,,
796,25-04-2021,Los Angeles FC,1 - 2,Seattle Sounders FC,,,
797,03-05-2021,Seattle Sounders FC,3 - 0,LA Galaxy,,,
798,09-05-2021,Portland Timbers,2 - 2,Seattle Sounders FC,,,
799,13-05-2021,San Jose Earthquakes,0 - 1,Seattle Sounders FC,,,
8,23-06-2021,New York City FC,1 - 0,Atlanta United FC,,,
80,08-07-2021,Chicago Fire,1 - 4,Orlando City SC,,,
800,17-05-2021,Seattle Sounders FC,2 - 0,Los Angeles FC,,,
801,23-05-2021,Seattle Sounders FC,1 - 2,Atlanta United FC,,,
802,31-05-2021,Seattle Sounders FC,0 - 0,Austin,,,
803,20-06-2021,LA Galaxy,2 - 2,Seattle Sounders FC,,,
804,24-06-2021,Seattle Sounders FC,1 - 3,Real Salt Lake,,,
805,27-06-2021,Seattle Sounders FC,2 - 3,Vancouver Whitecaps,,,
806,05-07-2021,Colorado Rapids,1 - 2,Seattle Sounders FC,,,
807,08-07-2021,Seattle Sounders FC,2 - 0,Houston Dynamo,,,
808,18-07-2021,Minnesota Utd,1 - 0,Seattle Sounders FC,,,
809,23-07-2021,Austin,0 - 1,Seattle Sounders FC,,,
81,18-07-2021,Nashville SC (MLS),1 - 6,Chicago Fire,,,
810,26-07-2021,Seattle Sounders FC,4 - 4,Sporting Kansas City,,,
811,31-07-2021,Seattle Sounders FC,0 - 1,San Jose Earthquakes,,,
812,05-08-2021,Seattle Sounders FC,1 - 2,FC Dallas,,,
813,16-08-2021,Portland Timbers,7 - 1,Seattle Sounders FC,,,
814,19-08-2021,FC Dallas,0 - 1,Seattle Sounders FC,,,
815,21-08-2021,Columbus Crew,2 - 2,Seattle Sounders FC,,,
816,30-08-2021,Seattle Sounders FC,0 - 2,Portland Timbers,,,
817,11-09-2021,Seattle Sounders FC,1 - 0,Minnesota Utd,,,
818,19-09-2021,Real Salt Lake,1 - 0,Seattle Sounders FC,,,
819,26-09-2021,Sporting Kansas City,2 - 2,Seattle Sounders FC,,,
82,22-07-2021,Chicago Fire,2 - 3,DC United,,,
820,30-09-2021,San Jose Earthquakes,4 - 4,Seattle Sounders FC,,,
821,04-10-2021,Seattle Sounders FC,3 - 0,Colorado Rapids,,,
822,10-10-2021,Seattle Sounders FC,1 - 5,Vancouver Whitecaps,,,
823,17-10-2021,Houston Dynamo,1 - 3,Seattle Sounders FC,,,
824,21-10-2021,Colorado Rapids,1 - 2,Seattle Sounders FC,,,
825,23-10-2021,Seattle Sounders FC,2 - 2,Sporting Kansas City,,,
826,27-10-2021,Los Angeles FC,3 - 0,Seattle Sounders FC,,,
827,02-11-2021,Seattle Sounders FC,1 - 2,LA Galaxy,,,
828,07-11-2021,Vancouver Whitecaps,1 - 2,Seattle Sounders FC,,,
829,18-04-2021,New York Red Bulls,2 - 2,Sporting Kansas City,,,
83,25-07-2021,Chicago Fire,2 - 2,Toronto FC,,,
830,23-04-2021,Sporting Kansas City,1 - 2,Orlando City SC,,,
831,01-05-2021,Real Salt Lake,1 - 4,Sporting Kansas City,,,
832,09-05-2021,Sporting Kansas City,1 - 3,Austin,,,
833,13-05-2021,Houston Dynamo,1 - 0,Sporting Kansas City,,,
834,16-05-2021,Sporting Kansas City,3 - 0,Vancouver Whitecaps,,,
835,23-05-2021,San Jose Earthquakes,4 - 4,Sporting Kansas City,,,
836,30-05-2021,Sporting Kansas City,2 - 4,Houston Dynamo,,,
837,12-06-2021,Sporting Kansas City,1 - 2,Austin,,,
838,20-06-2021,Portland Timbers,1 - 3,Sporting Kansas City,,,
839,24-06-2021,Sporting Kansas City,1 - 4,Colorado Rapids,,,
84,01-08-2021,Philadelphia Union,1 - 2,Chicago Fire,,,
840,26-06-2021,Sporting Kansas City,1 - 3,Los Angeles FC,,,
841,05-07-2021,LA Galaxy,0 - 2,Sporting Kansas City,,,
842,22-07-2021,Sporting Kansas City,1 - 2,San Jose Earthquakes,,,
843,26-07-2021,Seattle Sounders FC,4 - 4,Sporting Kansas City,,,
844,01-08-2021,Sporting Kansas City,2 - 2,FC Dallas,,,
845,05-08-2021,Los Angeles FC,5 - 2,Sporting Kansas City,,,
846,08-08-2021,Colorado Rapids,0 - 0,Sporting Kansas City,,,
847,15-08-2021,FC Dallas,0 - 2,Sporting Kansas City,,,
848,19-08-2021,Sporting Kansas City,1 - 2,Portland Timbers,,,
849,21-08-2021,Minnesota Utd,0 - 0,Sporting Kansas City,,,
85,05-08-2021,Chicago Fire,0 - 0,New York City FC,,,
850,29-08-2021,Sporting Kansas City,1 - 2,Colorado Rapids,,,
851,04-09-2021,Los Angeles FC,4 - 0,Sporting Kansas City,,,
852,12-09-2021,Sporting Kansas City,2 - 0,Chicago Fire,,,
853,16-09-2021,Sporting Kansas City,4 - 0,Minnesota Utd,,,
854,26-09-2021,Sporting Kansas City,2 - 2,Seattle Sounders FC,,,
855,30-09-2021,FC Dallas,4 - 4,Sporting Kansas City,,,
856,03-10-2021,Sporting Kansas City,3 - 1,Houston Dynamo,,,
857,18-10-2021,Vancouver Whitecaps,1 - 3,Sporting Kansas City,,,
858,23-10-2021,Seattle Sounders FC,2 - 2,Sporting Kansas City,,,
859,28-10-2021,Sporting Kansas City,2 - 0,LA Galaxy,,,
86,08-08-2021,Chicago Fire,1 - 3,New York Red Bulls,,,
860,31-10-2021,Minnesota Utd,1 - 3,Sporting Kansas City,,,
861,04-11-2021,Austin,1 - 4,Sporting Kansas City,,,
862,07-11-2021,Sporting Kansas City,0 - 1,Real Salt Lake,,,
863,20-11-2021,Sporting Kansas City,1 - 4,Vancouver Whitecaps,,,
864,28-11-2021,Sporting Kansas City,2 - 2,Real Salt Lake,,,
865,17-04-2021,Montreal Impact,3 - 1,Toronto FC,,,
866,24-04-2021,Toronto FC,2 - 3,Vancouver Whitecaps,,,
867,08-05-2021,New York Red Bulls,2 - 0,Toronto FC,,,
868,12-05-2021,Toronto FC,2 - 0,Columbus Crew,,,
869,15-05-2021,New York City FC,1 - 2,Toronto FC,,,
87,15-08-2021,Chicago Fire,1 - 0,Columbus Crew,,,
870,22-05-2021,Orlando City SC,1 - 0,Toronto FC,,,
871,29-05-2021,Columbus Crew,1 - 3,Toronto FC,,,
872,19-06-2021,Toronto FC,4 - 4,Orlando City SC,,,
873,24-06-2021,Nashville SC (MLS),2 - 4,Toronto FC,,,
874,26-06-2021,Toronto FC,0 - 2,FC Cincinnati,,,
875,03-07-2021,DC United,2 - 1,Toronto FC,,,
876,07-07-2021,New England Revolution,4 - 4,Toronto FC,,,
877,17-07-2021,Toronto FC,1 - 2,Orlando City SC,,,
878,21-07-2021,Toronto FC,1 - 2,New York Red Bulls,,,
879,25-07-2021,Chicago Fire,2 - 2,Toronto FC,,,
88,18-08-2021,Club Internacional de Fútbol Miami,2 - 4,Chicago Fire,,,
880,01-08-2021,Toronto FC,1 - 2,Nashville SC (MLS),,,
881,04-08-2021,Philadelphia Union,3 - 0,Toronto FC,,,
882,08-08-2021,Toronto FC,2 - 3,New York City FC,,,
883,15-08-2021,Toronto FC,2 - 2,New England Revolution,,,
884,18-08-2021,Atlanta United FC,1 - 0,Toronto FC,,,
885,22-08-2021,Club Internacional de Fútbol Miami,1 - 4,Toronto FC,,,
886,27-08-2021,Montreal Impact,1 - 4,Toronto FC,,,
887,12-09-2021,FC Cincinnati,2 - 0,Toronto FC,,,
888,14-09-2021,Toronto FC,0 - 1,Club Internacional de Fútbol Miami,,,
889,18-09-2021,Toronto FC,1 - 3,Nashville SC (MLS),,,
89,22-08-2021,Orlando City SC,1 - 0,Chicago Fire,,,
890,26-09-2021,Colorado Rapids,0 - 0,Toronto FC,,,
891,29-09-2021,Toronto FC,2 - 4,FC Cincinnati,,,
892,03-10-2021,Toronto FC,1 - 4,Chicago Fire,,,
893,16-10-2021,Toronto FC,0 - 2,Atlanta United FC,,,
894,20-10-2021,Club Internacional de Fútbol Miami,3 - 0,Toronto FC,,,
895,23-10-2021,Toronto FC,1 - 2,Montreal Impact,,,
896,27-10-2021,Toronto FC,2 - 3,Philadelphia Union,,,
897,30-10-2021,Atlanta United FC,1 - 2,Toronto FC,,,
898,07-11-2021,Toronto FC,4 - 4,DC United,,,
899,19-04-2021,Vancouver Whitecaps,1 - 0,Portland Timbers,,,
9,27-06-2021,Atlanta United FC,0 - 0,New York Red Bulls,,,
90,28-08-2021,New York Red Bulls,0 - 1,Chicago Fire,,,
900,24-04-2021,Toronto FC,2 - 3,Vancouver Whitecaps,,,
901,03-05-2021,Vancouver Whitecaps,0 - 1,Colorado Rapids,,,
902,08-05-2021,Vancouver Whitecaps,2 - 0,Montreal Impact,,,
903,13-05-2021,Minnesota Utd,1 - 0,Vancouver Whitecaps,,,
904,16-05-2021,Sporting Kansas City,3 - 0,Vancouver Whitecaps,,,
905,23-05-2021,Houston Dynamo,1 - 3,Vancouver Whitecaps,,,
906,19-06-2021,Real Salt Lake,1 - 4,Vancouver Whitecaps,,,
907,24-06-2021,Vancouver Whitecaps,2 - 2,LA Galaxy,,,
908,27-06-2021,Seattle Sounders FC,2 - 3,Vancouver Whitecaps,,,
909,05-07-2021,FC Dallas,2 - 3,Vancouver Whitecaps,,,
91,12-09-2021,Sporting Kansas City,2 - 0,Chicago Fire,,,
910,08-07-2021,Vancouver Whitecaps,0 - 4,Real Salt Lake,,,
911,18-07-2021,Vancouver Whitecaps,1 - 3,LA Galaxy,,,
912,21-07-2021,Vancouver Whitecaps,0 - 0,Houston Dynamo,,,
913,25-07-2021,Los Angeles FC,2 - 3,Vancouver Whitecaps,,,
914,01-08-2021,Vancouver Whitecaps,2 - 3,Minnesota Utd,,,
915,09-08-2021,LA Galaxy,1 - 2,Vancouver Whitecaps,,,
916,14-08-2021,San Jose Earthquakes,0 - 0,Vancouver Whitecaps,,,
917,19-08-2021,Austin,2 - 2,Vancouver Whitecaps,,,
918,22-08-2021,Vancouver Whitecaps,1 - 3,Los Angeles FC,,,
919,30-08-2021,Vancouver Whitecaps,1 - 5,Real Salt Lake,,,
92,15-09-2021,DC United,3 - 0,Chicago Fire,,,
920,04-09-2021,Vancouver Whitecaps,1 - 3,Austin,,,
921,11-09-2021,Vancouver Whitecaps,0 - 1,Portland Timbers,,,
922,20-09-2021,Colorado Rapids,1 - 2,Vancouver Whitecaps,,,
923,26-09-2021,Vancouver Whitecaps,1 - 0,FC Dallas,,,
924,30-09-2021,Houston Dynamo,0 - 0,Vancouver Whitecaps,,,
925,03-10-2021,Vancouver Whitecaps,3 - 0,San Jose Earthquakes,,,
926,10-10-2021,Seattle Sounders FC,1 - 5,Vancouver Whitecaps,,,
927,18-10-2021,Vancouver Whitecaps,1 - 3,Sporting Kansas City,,,
928,21-10-2021,Portland Timbers,4 - 4,Vancouver Whitecaps,,,
929,24-10-2021,San Jose Earthquakes,1 - 2,Vancouver Whitecaps,,,
93,19-09-2021,Montreal Impact,2 - 0,Chicago Fire,,,
930,28-10-2021,Vancouver Whitecaps,1 - 3,Minnesota Utd,,,
931,03-11-2021,Los Angeles FC,1 - 2,Vancouver Whitecaps,,,
932,07-11-2021,Vancouver Whitecaps,1 - 2,Seattle Sounders FC,,,
933,20-11-2021,Sporting Kansas City,1 - 4,Vancouver Whitecaps,,,
94,23-09-2021,Chicago Fire,4 - 4,New England Revolution,,,
95,26-09-2021,Chicago Fire,0 - 0,Nashville SC (MLS),,,
96,30-09-2021,Chicago Fire,2 - 0,New York City FC,,,
97,03-10-2021,Toronto FC,1 - 4,Chicago Fire,,,
98,16-10-2021,New England Revolution,2 - 3,Chicago Fire,,,
99,20-10-2021,FC Cincinnati,5 - 4,Chicago Fire,,,
